,parlamentare,partito,voti ribelli,votazioni,presenze,assenze,circoscrizione,anno
0,ADAMO Marilena ,PD,40,6398,5926,466,Lombardia,2008
1,ADERENTI Irene ,Lega,11,6398,6060,143,Lombardia,2008
2,ADRAGNA Benedetto ,PD,77,6398,2992,2988,Sicilia,2008
3,AGOSTINI Mauro ,PD,64,6398,5741,639,Umbria,2008
4,ALBERTI CASELLATI Maria Elisabetta ,PdL,70,6398,2458,658,Veneto,2008
5,ALICATA Bruno ,PdL,55,6398,6228,78,Sicilia,2008
6,ALLEGRINI Laura ,PdL,140,6398,6071,55,Lazio,2008
7,AMATI Silvana ,PD,216,6398,5873,389,Marche,2008
8,AMATO Paolo ,PdL,78,6398,5912,241,Toscana,2008
9,AMORUSO Francesco Maria ,PdL,40,6398,5315,232,Puglia,2008
10,ANDREOTTI Giulio ,UDC-SVP,228,7856,878,6931,* Senatore a vita,2008
11,ANDRIA Alfonso ,PD,49,6398,5975,408,Campania,2008
12,ANTEZZA Maria ,PD,42,6398,6141,253,Basilicata,2008
13,ARMATO Teresa ,PD,68,6398,5652,730,Campania,2008
14,ASCIUTTI Franco ,PdL,93,6398,6103,282,Umbria,2008
15,ASTORE Giuseppe ,Misto,78,6398,5748,632,Molise,2008
16,AUGELLO Andrea ,PdL,68,6398,4646,1045,Lazio,2008
17,AZZOLLINI Antonio ,PdL,70,6398,5697,701,Puglia,2008
18,BAIO DOSSI Emanuela ,ApI-FLI,177,6398,5691,653,Lombardia,2008
19,BALBONI Alberto ,FDI-CDN,69,6398,6269,109,Emilia-Romagna,2008
20,BALDASSARRI Mario ,ApI-FLI,224,6398,4235,1699,Marche,2008
21,BALDINI Massimo ,PdL,40,6398,5935,316,Toscana,2008
22,BARBOLINI Giuliano ,PD,38,6398,6224,154,Emilia-Romagna,2008
23,BARELLI Paolo ,PdL,29,6398,4710,769,Lazio,2008
24,BASSOLI Fiorenza ,PD,39,6398,5818,521,Lombardia,2008
25,BASTICO Mariangela ,PD,45,6398,5973,398,Emilia-Romagna,2008
26,BATTAGLIA Antonio ,PdL,47,6398,5101,629,Sicilia,2008
27,BELISARIO Felice ,IdV,25,6398,2285,3182,Basilicata,2008
28,BENEDETTI VALENTINI Domenico ,PdL,102,6398,6104,229,Umbria,2008
29,BERSELLI Filippo,-1,37,6398,4865,1092,Emilia-Romagna,2008
30,BERTUZZI Maria Teresa ,PD,34,6398,5930,460,Emilia-Romagna,2008
31,BETTAMIO Giampaolo ,PdL,40,6398,4770,1261,Emilia-Romagna,2008
32,BEVILACQUA Francesco ,PdL,74,6398,5651,705,Calabria,2008
33,BIANCHI Dorina ,PdL,259,6398,4721,1492,Calabria,2008
34,BIANCO Enzo ,PD,84,6398,4964,1043,Sicilia,2008
35,BIANCONI Laura ,PdL,67,6398,5659,514,Emilia-Romagna,2008
36,BIONDELLI Franca Maria Grazia ,PD,37,6398,5994,295,Piemonte,2008
37,BLAZINA Tamara ,PD,49,6398,6088,213,Friuli-Venezia Giulia,2008
38,BODEGA Lorenzo ,Misto,9,6398,6231,69,Lombardia,2008
39,BOLDI Rossana Lidia ,Lega,51,6398,5319,648,Piemonte,2008
40,BOLDRINI Giacinto ,Misto,43,734,705,29,Lombardia,2008
41,BONDI Sandro ,PdL,45,6398,2456,129,Toscana,2008
42,BONFRISCO Anna Cinzia ,PdL,67,6398,5518,831,Veneto,2008
43,BONINO Emma ,PD,132,6398,2068,3892,Piemonte,2008
44,BORNACIN Giorgio ,PdL,66,6398,5061,799,Liguria,2008
45,BOSCETTO Gabriele ,PdL,54,6398,5507,481,Liguria,2008
46,BOSONE Daniele ,PD,195,6398,5726,619,Lombardia,2008
47,BRICOLO Federico ,Lega,24,6398,6006,385,Veneto,2008
48,BRUNO Franco ,ApI-FLI,101,6398,5717,681,Calabria,2008
49,BUBBICO Filippo ,PD,32,6398,5811,576,Basilicata,2008
50,BUGNANO Patrizia ,IdV,57,6398,4157,2091,Piemonte,2008
51,BURGARETTA APARO Sebastiano ,PdL,15,4038,3321,556,Sicilia,2008
52,BUTTI Alessio ,FDI-CDN,29,6398,5923,89,Lombardia,2008
53,CABRAS Antonello ,PD,26,6398,4431,1368,Sardegna,2008
54,CAFORIO Giuseppe ,IdV,54,6398,4559,1618,Puglia,2008
55,CAGNIN Luciano ,Lega,16,6398,5858,287,Veneto,2008
56,CALABRO' Raffaele ,PdL,42,6398,5815,457,Campania,2008
57,CALDEROLI Roberto ,Lega,27,6398,2026,113,Lombardia,2008
58,CALIENDO Giacomo ,PdL,38,6398,3686,745,Lombardia,2008
59,CALIGIURI Battista ,PdL,36,6398,5569,175,Calabria,2008
60,CAMBER Giulio ,PdL,154,6398,5962,266,Friuli-Venezia Giulia,2008
61,CARDIELLO Franco in carica dal 14/07/2010,-1,77,2585,2258,316,Campania,2008
62,CARLINO Giuliana ,IdV,54,6398,5511,728,Lombardia,2008
63,CARLONI Anna Maria ,PD,87,6398,5210,1010,Campania,2008
64,CAROFIGLIO Gianrico ,PD,34,6398,4711,1553,Puglia,2008
65,CARRARA Valerio ,CN,133,6398,5171,189,Lombardia,2008
66,CARUSO Antonino ,FDI-CDN,160,6398,5423,653,Lombardia,2008
67,CASELLI Esteban Juan ,PdL,13,6398,1837,1972,America meridionale,2008
68,CASOLI Francesco ,PdL,35,6398,5658,350,Marche,2008
69,CASSON Felice ,PD,135,6398,6209,132,Veneto,2008
70,CASTELLI Roberto ,Lega,16,6398,1712,899,Lombardia,2008
71,CASTIGLIONE Maria Giuseppa ,CN,63,1459,1227,93,Sicilia,2008
72,CASTRO Maurizio ,PdL,73,6398,6252,58,Veneto,2008
73,CECCANTI Stefano ,PD,81,6398,6090,298,Piemonte,2008
74,CENTARO Roberto ,CN,26,6398,5510,636,Sicilia,2008
75,CERUTI Mauro ,PD,43,6398,5261,1033,Lombardia,2008
76,CHIAROMONTE Franca ,PD,83,6398,4965,1257,Campania,2008
77,CHITI Vannino ,PD,26,6398,2638,1648,Toscana,2008
78,CHIURAZZI Carlo ,PD,80,6398,6056,342,Basilicata,2008
79,CIAMPI Carlo Azeglio ,Misto,0,7856,50,198,* Senatore a vita,2008
80,CIARRAPICO Giuseppe ,PdL,25,6398,2275,1951,Lazio,2008
81,COLOMBO Emilio ,UDC-SVP,115,7856,1361,5460,* Senatore a vita,2008
82,COMPAGNA Luigi ,PdL,266,6398,5501,381,Campania,2008
83,CONTI Riccardo ,PdL,38,6391,5276,816,Lombardia,2008
84,CONTINI Barbara ,ApI-FLI,51,6398,4668,774,Campania,2008
85,CORONELLA Gennaro ,PdL,59,6398,5282,450,Campania,2008
86,COSENTINO Lionello ,PD,61,6398,4660,1725,Lazio,2008
87,COSTA Rosario Giorgio ,PdL,27,6398,5691,497,Puglia,2008
88,CRISAFULLI Vladimiro ,PD,34,6398,2930,2890,Sicilia,2008
89,CURSI Cesare ,PdL,59,6398,5409,749,Lazio,2008
90,CUTRUFO Mauro ,PdL,42,6398,4285,1619,Lazio,2008
91,D'ALI' Antonio ,PdL,70,6398,5015,1034,Sicilia,2008
92,D'ALIA Gianpiero ,UDC-SVP,109,6398,3601,2786,Sicilia,2008
93,D'AMBROSIO Gerardo ,PD,167,6398,5223,1175,Lombardia,2008
94,D'AMBROSIO LETTIERI Luigi ,PdL,24,6398,5785,201,Puglia,2008
95,D'UBALDO Lucio ,PD,78,6398,4899,1499,Lazio,2008
96,DAVICO Michelino ,Lega,11,6398,2214,777,Piemonte,2008
97,DE ANGELIS Candido ,ApI-FLI,91,6398,5342,655,Lazio,2008
98,DE ECCHER Cristano ,PdL,214,6398,6394,4,Trentino-Alto Adige,2008
99,DE FEO Diana Carla Carmela ,PdL,66,6398,5932,314,Campania,2008
100,DE GREGORIO Sergio ,PdL,12,6398,2427,2464,Campania,2008
101,DE LILLO Stefano ,PdL,34,6398,6016,211,Lazio,2008
102,DE LUCA Cristina ,ApI-FLI,30,947,884,30,Lazio,2008
103,DE LUCA Vincenzo ,PD,18,6398,5026,1044,Campania,2008
104,DE SENA Luigi ,PD,40,6398,5925,436,Calabria,2008
105,DE TONI Gianpiero ,IdV,43,6398,5278,786,Lombardia,2008
106,DEL PENNINO Antonio ,Misto,0,1195,764,414,Lombardia,2008
107,DEL VECCHIO Mauro ,PD,45,6398,5782,138,Lazio,2008
108,DELL'UTRI Marcello ,PdL,3,6398,187,501,Lombardia,2008
109,DELLA MONICA Silvia ,PD,134,6398,5640,703,Toscana,2008
110,DELLA SETA Roberto ,PD,116,6398,5304,740,Piemonte,2008
111,DELOGU Mariano ,FDI-CDN,23,6398,5298,529,Sardegna,2008
112,DI GIACOMO Ulisse ,PdL,28,6398,5373,855,Molise,2008
113,DI GIOVAN PAOLO Roberto ,PD,44,6398,5332,1024,Lazio,2008
114,DI NARDO Aniello ,IdV,91,6398,4699,1694,Campania,2008
115,DI STEFANO Fabrizio ,PdL,94,6398,5528,409,Abruzzo,2008
116,DIGILIO Egidio ,ApI-FLI,124,6398,5413,671,Basilicata,2008
117,DINI Lamberto ,PdL,32,6398,3192,1877,Lazio,2008
118,DIVINA Sergio ,Lega,43,6398,5902,227,Trentino-Alto Adige,2008
119,DRAGO Filippo Maria ,Misto,0,3,3,0,Sicilia,2008
120,ESPOSITO Giuseppe ,PdL,111,6398,5983,150,Campania,2008
121,FANTETTI Raffaele ,PdL,64,2924,2425,169,Europa,2008
122,FASANO Vincenzo ,PdL,108,6398,5628,494,Campania,2008
123,FAZZONE Claudio ,PdL,110,6398,6089,209,Lazio,2008
124,FERRANTE Francesco ,PD,36,3940,3615,277,Umbria,2008
125,FERRARA Mario Francesco ,CN,61,6398,5639,42,Sicilia,2008
126,FILIPPI Alberto,-1,98,6398,4982,183,Veneto,2008
127,FILIPPI Marco ,PD,88,6398,6073,312,Toscana,2008
128,FINOCCHIARO Anna ,PD,26,6398,4032,2313,Emilia-Romagna,2008
129,FIORONI Anna Rita ,PD,50,6398,6192,193,Umbria,2008
130,FIRRARELLO Giuseppe ,PdL,45,6398,4352,1338,Sicilia,2008
131,FISTAROL Maurizio ,UDC-SVP,112,6398,4998,1400,Veneto,2008
132,FLERES Salvatore ,CN,92,6398,6037,137,Sicilia,2008
133,FLUTTERO Andrea ,PdL,54,6398,5916,257,Piemonte,2008
134,FOLLINI Marco ,PD,102,6398,5741,657,Campania,2008
135,FONTANA Cinzia Maria ,PD,91,6398,6335,63,Lombardia,2008
136,FOSSON Antonio ,UDC-SVP,1244,6398,6050,330,Valle d'Aosta,2008
137,FRANCO Paolo ,Lega,19,6398,5703,547,Veneto,2008
138,FRANCO Vittoria ,PD,41,6398,5224,1060,Toscana,2008
139,GALIOTO Vincenzo ,UDC-SVP,43,6398,5190,1172,Sicilia,2008
140,GALLO Cosimo ,PdL,28,6398,6085,187,Puglia,2008
141,GALLONE Maria Alessandra ,FDI-CDN,96,5774,5556,142,Lombardia,2008
142,GALPERTI Guido ,PD,161,6398,5944,385,Lombardia,2008
143,GAMBA Pierfrancesco Emilio Romano ,FDI-CDN,61,6398,5105,698,Lombardia,2008
144,GARAVAGLIA Mariapia ,PD,116,6398,5624,761,Veneto,2008
145,GARAVAGLIA Massimo ,Lega,24,6398,5998,310,Lombardia,2008
146,GARRAFFA Costantino ,PD,28,6398,5733,648,Sicilia,2008
147,GASPARRI Maurizio ,PdL,70,6398,5758,596,Lazio,2008
148,GENTILE Antonio ,PdL,54,6398,6037,235,Calabria,2008
149,GERMONTANI Maria Ida ,ApI-FLI,67,6398,5452,609,Emilia-Romagna,2008
150,GHEDINI Rita ,PD,41,6398,5780,586,Emilia-Romagna,2008
151,GHIGO Enzo ,PdL,65,6398,5899,308,Piemonte,2008
152,GIAI Mirella ,UDC-SVP,380,6398,3947,2323,America meridionale,2008
153,GIAMBRONE Fabio ,IdV,39,6398,4593,1509,Sicilia,2008
154,GIARETTA Paolo ,PD,73,6398,4756,1029,Veneto,2008
155,GIORDANO Basilio ,PdL,41,6398,5401,493,America settentrionale e centrale,2008
156,GIOVANARDI Carlo ,PdL,72,6398,2346,790,Emilia-Romagna,2008
157,GIULIANO Pasquale ,PdL,174,6398,5549,690,Campania,2008
158,GRAMAZIO Domenico ,PdL,42,6398,5805,444,Lazio,2008
159,GRANAIOLA Manuela ,PD,59,6398,5894,473,Toscana,2008
160,GRILLO Luigi ,PdL,19,6398,4782,1175,Puglia,2008
161,GUSTAVINO Claudio ,UDC-SVP,163,6398,5239,1157,Liguria,2008
162,ICHINO Pietro ,PD,29,6398,5743,615,Lombardia,2008
163,INCOSTANTE Maria Fortuna ,PD,77,6398,6060,291,Campania,2008
164,IZZO Cosimo ,PdL,54,6398,5857,335,Campania,2008
165,LADU Silvestro ,PdL,31,1063,913,108,Sardegna,2008
166,LANNUTTI Elio ,Misto,178,6398,5808,244,Veneto,2008
167,LATORRE Nicola ,PD,41,6398,5076,1236,Puglia,2008
168,LATRONICO Cosimo ,PdL,87,6398,6110,166,Basilicata,2008
169,LAURO Raffaele ,Misto,78,6398,6099,165,Campania,2008
170,LEDDI MAIOLA Maria ,PD,155,6398,6002,369,Piemonte,2008
171,LEGNINI Giovanni ,PD,48,6398,5774,583,Abruzzo,2008
172,LENNA Vanni ,PdL,39,4128,3828,288,Friuli-Venezia Giulia,2008
173,LEONI Giuseppe ,Lega,18,6398,6047,249,Lombardia,2008
174,LI GOTTI Luigi ,IdV,143,6398,5911,414,Emilia-Romagna,2008
175,LICASTRO SCARDINO Simonetta ,PdL,76,6398,6187,197,Puglia,2008
176,LIVI BACCI Massimo ,PD,105,6398,5807,429,Toscana,2008
177,LONGO Piero ,PdL,47,6398,4871,845,Veneto,2008
178,LUMIA Giuseppe ,PD,166,6398,4315,2054,Sicilia,2008
179,LUSI Luigi ,Misto,248,6398,5119,1263,Liguria,2008
180,MAGISTRELLI Marina ,PD,160,6398,5490,872,Marche,2008
181,MALAN Lucio ,PdL,240,6398,5824,164,Piemonte,2008
182,MANCUSO Anna Maria ,ApI-FLI,2,87,77,9,Lazio,2008
183,MANTICA Alfredo ,FDI-CDN,57,6398,1506,442,Lombardia,2008
184,MANTOVANI Mario ,PdL,63,6398,2031,462,Lombardia,2008
185,MARAVENTANO Angela ,Lega,10,6398,5972,140,Emilia-Romagna,2008
186,MARCENARO Pietro ,PD,80,6398,5087,191,Piemonte,2008
187,MARCUCCI Andrea ,PD,126,6398,5623,646,Toscana,2008
188,MARINARO Francesca Maria ,PD,68,6398,5835,545,Lazio,2008
189,MARINI Franco ,PD,59,6398,3102,2860,Abruzzo,2008
190,MARINO Ignazio Roberto Maria ,PD,126,6398,3739,1893,Lazio,2008
191,MARINO Mauro Maria ,PD,93,6398,5946,450,Piemonte,2008
192,MARITATI Alberto ,PD,94,6398,4670,1670,Puglia,2008
193,MASCITELLI Alfonso ,IdV,103,6398,4980,1329,Abruzzo,2008
194,MATTEOLI Altero ,PdL,22,6398,957,373,Toscana,2008
195,MAURO Rosa Angela ,Misto,2,6398,4164,1840,Lombardia,2008
196,MAZZARACCHIO Salvatore ,PdL,52,6398,6363,35,Puglia,2008
197,MAZZATORTA Sandro ,Lega,8,6398,6176,54,Lombardia,2008
198,MAZZUCONI Daniela ,PD,210,6398,5531,809,Calabria,2008
199,MENARDI Giuseppe ,CN,144,6398,5607,429,Piemonte,2008
200,MERCATALI Vidmer ,PD,92,6398,6176,220,Emilia-Romagna,2008
201,MESSINA Alfredo ,PdL,53,6398,5028,418,Lombardia,2008
202,MICHELONI Claudio ,PD,147,6398,5292,920,Europa,2008
203,MILANA Riccardo ,UDC-SVP,54,6398,4183,2215,Lazio,2008
204,MILONE Giuseppe ,FDI-CDN,57,709,688,21,Lombardia,2008
205,MOLINARI Claudio ,ApI-FLI,414,6398,5310,740,Trentino-Alto Adige,2008
206,MONACO Francesco ,PD,9,1453,1362,91,Lombardia,2008
207,MONGIELLO Colomba ,PD,52,6398,5877,500,Puglia,2008
208,MONTANI Enrico ,Lega,5,6398,5763,180,Piemonte,2008
209,MONTI Mario ,Misto,0,1078,5,9,* Senatore a vita,2008
210,MORANDO Enrico ,PD,207,6398,5470,924,Veneto,2008
211,MORRA Carmelo ,PdL,39,6398,5782,446,Puglia,2008
212,MORRI Fabrizio ,PD,66,6398,5929,468,Marche,2008
213,MUGNAI Franco ,PdL,30,6398,5568,217,Toscana,2008
214,MURA Roberto Giovanni ,Lega,6,6398,6339,59,Lombardia,2008
215,MUSI Adriano ,PD,174,6398,4455,1801,Campania,2008
216,MUSSO Enrico ,UDC-SVP,315,6398,5877,371,Liguria,2008
217,NANIA Domenico ,PdL,20,6398,1986,4125,Sicilia,2008
218,NEGRI Magda ,PD,86,6398,6102,169,Piemonte,2008
219,NEROZZI Paolo ,PD,96,6398,6024,326,Veneto,2008
220,NESPOLI Vincenzo ,PdL,90,6398,5242,1089,Campania,2008
221,NESSA Pasquale ,PdL,37,6398,5156,248,Puglia,2008
222,OLIVA Vincenzo ,Misto,0,6398,4384,893,Sicilia,2008
223,ORSI Franco ,PdL,77,6398,5548,602,Liguria,2008
224,PALMA Nitto Francesco ,PdL,74,6398,1617,640,Calabria,2008
225,PALMIZIO Elio Massimo,-1,185,6398,6031,233,Emilia-Romagna,2008
226,PAPANIA Antonino ,PD,72,6398,3833,2364,Sicilia,2008
227,PARAVIA Antonio ,FDI-CDN,266,6398,5286,198,Campania,2008
228,PARDI Francesco ,IdV,116,6398,5149,1248,Toscana,2008
229,PASSONI Achille ,PD,36,6398,5349,982,Toscana,2008
230,PASTORE Andrea ,PdL,53,6398,6320,78,Abruzzo,2008
231,PEDICA Stefano ,Misto,56,6398,5102,1052,Lazio,2008
232,PEGORER Carlo ,PD,95,6398,6337,61,Friuli-Venezia Giulia,2008
233,PERA Marcello ,PdL,23,6398,1040,438,Lazio,2008
234,PERDUCA Marco ,PD,386,6398,4710,1606,Toscana,2008
235,PERTOLDI Flavio ,PD,73,6398,6172,226,Friuli-Venezia Giulia,2008
236,PETERLINI Oskar ,UDC-SVP,708,6398,5409,959,Trentino-Alto Adige,2008
237,PICCIONI Lorenzo ,PdL,59,6398,5988,97,Piemonte,2008
238,PICCONE Filippo ,PdL,14,6398,3551,2216,Abruzzo,2008
239,PICHETTO FRATIN Gilberto ,PdL,35,6398,6193,37,Piemonte,2008
240,PIGNEDOLI Leana ,PD,19,6398,6175,223,Emilia-Romagna,2008
241,PINOTTI Roberta ,PD,30,6398,5353,1018,Liguria,2008
242,PINZGER Manfred ,UDC-SVP,1394,6398,5860,433,Trentino-Alto Adige,2008
243,PISANU Beppe ,PdL,112,6398,3936,1486,Sardegna,2008
244,PISCITELLI Salvatore ,CN,34,6398,5751,333,Marche,2008
245,PISTORIO Giovanni ,Misto,0,6398,2221,4177,Sicilia,2008
246,PITTONI Mario ,Lega,6,6398,6376,22,Friuli-Venezia Giulia,2008
247,POLI BORTONE Adriana ,CN,516,6398,4499,919,Puglia,2008
248,PONTONE Francesco,-1,84,6398,5509,697,Campania,2008
249,PORETTI Donatella ,PD,388,6398,5625,738,Puglia,2008
250,POSSA Guido ,PdL,75,6398,6172,121,Lombardia,2008
251,PROCACCI Giovanni ,PD,66,6398,4665,1730,Puglia,2008
252,QUAGLIARIELLO Gaetano ,PdL,61,6398,5612,737,Toscana,2008
253,RAMPONI Luigi ,PdL,59,6398,4513,1091,Veneto,2008
254,RANDAZZO Nino ,PD,42,6398,4484,1335,Asia-Africa-Oceania-Antartide,2008
255,RANUCCI Raffaele ,PD,53,6398,5864,534,Lazio,2008
256,RIZZI Fabio ,Lega,11,6398,6236,100,Lombardia,2008
257,RIZZOTTI Maria ,PdL,72,6398,5844,90,Piemonte,2008
258,ROILO Giorgio ,PD,44,6398,6009,389,Lombardia,2008
259,ROSSI Nicola ,Misto,43,6398,3845,2499,Marche,2008
260,ROSSI Paolo ,PD,86,6398,6012,346,Lombardia,2008
261,RUSCONI Antonio ,PD,88,6398,6125,266,Lombardia,2008
262,RUSSO Giacinto ,ApI-FLI,33,6398,4618,999,Campania,2008
263,RUTELLI Francesco ,ApI-FLI,82,6398,4684,1221,Umbria,2008
264,SACCOMANNO Michele ,FDI-CDN,81,6398,5705,57,Puglia,2008
265,SACCONI Maurizio ,PdL,69,6398,2068,86,Veneto,2008
266,SAIA Maurizio ,CN,229,6398,5825,443,Veneto,2008
267,SALTAMARTINI Filippo ,PdL,189,6398,6262,73,Sardegna,2008
268,SANCIU Fedele ,PdL,32,6398,6088,210,Sardegna,2008
269,SANGALLI Gian Carlo ,PD,105,6398,5479,887,Emilia-Romagna,2008
270,SANNA Francesco ,PD,27,6398,5571,827,Sardegna,2008
271,SANTINI Giacomo ,PdL,35,6398,4710,543,Trentino-Alto Adige,2008
272,SARO Giuseppe Ferruccio ,PdL,265,6398,5586,170,Friuli-Venezia Giulia,2008
273,SARRO Carlo ,PdL,94,6398,5857,361,Campania,2008
274,SBARBATI Luciana ,UDC-SVP,322,6398,4882,1399,Sardegna,2008
275,SCANU Gianpiero ,PD,31,6398,5785,477,Sardegna,2008
276,SCARABOSIO Aldo ,PdL,55,6398,5236,836,Piemonte,2008
277,SCARPA BONAZZA BUORA Paolo ,PdL,90,6398,6341,35,Veneto,2008
278,SCHIFANI Renato Giuseppe ,PdL,0,6398,1999,4399,Sicilia,2008
279,SCIASCIA Salvatore ,PdL,47,6398,5000,449,Lombardia,2008
280,SERAFINI Anna Maria ,PD,28,6398,5054,1180,Sicilia,2008
281,SERAFINI Giancarlo ,PdL,176,6398,6243,49,Lombardia,2008
282,SERRA Achille ,UDC-SVP,140,6398,5396,826,Toscana,2008
283,SIBILIA Cosimo ,PdL,74,6398,6212,63,Campania,2008
284,SIRCANA Silvio Emilio ,PD,85,6398,5511,886,Campania,2008
285,SOLIANI Albertina ,PD,43,6398,6047,324,Emilia-Romagna,2008
286,SPADONI URBANI Ada ,PdL,100,6398,4252,985,Umbria,2008
287,SPEZIALI Vincenzo ,PdL,69,6398,5900,354,Calabria,2008
288,SPINELLO Sandro ,PD,0,0,0,0,Veneto,2008
289,STIFFONI Piergiorgio ,Misto,5,6394,5202,969,Veneto,2008
290,STRADIOTTO Marco ,PD,89,6398,6111,280,Veneto,2008
291,TANCREDI Paolo ,PdL,78,6398,5651,213,Abruzzo,2008
292,TEDESCO Alberto ,Misto,13,4128,3539,589,Puglia,2008
293,THALER AUSSERHOFER Helga ,UDC-SVP,1337,6398,5229,599,Trentino-Alto Adige,2008
294,TOFANI Oreste ,PdL,74,6398,5906,150,Lazio,2008
295,TOMASELLI Salvatore ,PD,28,6398,5314,1041,Puglia,2008
296,TOMASSINI Antonio ,PdL,41,6398,5471,841,Lombardia,2008
297,TONINI Giorgio ,PD,26,6398,5078,1272,Marche,2008
298,TORRI Giovanni ,Lega,21,6398,5672,203,Emilia-Romagna,2008
299,TOTARO Achille ,FDI-CDN,30,6398,6383,15,Toscana,2008
300,TREU Tiziano ,PD,24,6398,4831,1555,Lombardia,2008
301,VACCARI Gianvittore ,Lega,21,6398,6168,151,Veneto,2008
302,VALDITARA Giuseppe ,ApI-FLI,75,6398,5881,517,Lombardia,2008
303,VALENTINO Giuseppe ,PdL,89,6398,4878,1104,Calabria,2008
304,VALLARDI Gianpaolo ,Lega,8,6398,6112,130,Veneto,2008
305,VALLI Mandell ,Lega,16,6398,6357,20,Lombardia,2008
306,VEDANI Alessandro ,Lega,1,444,410,33,Lombardia,2008
307,VICARI Simona ,PdL,35,6398,4983,874,Sicilia,2008
308,VICECONTE Guido Walter Cesare ,PdL,41,6398,5664,319,Basilicata,2008
309,VIESPOLI Pasquale ,CN,86,6398,2791,911,Campania,2008
310,VILLARI Riccardo ,CN,62,6398,3131,3155,Campania,2008
311,VIMERCATI Luigi ,PD,81,6398,5919,479,Lombardia,2008
312,VITA Vincenzo Maria ,PD,33,6398,6076,280,Lazio,2008
313,VITALI Walter ,PD,29,6398,4348,2018,Emilia-Romagna,2008
314,VIZZINI Carlo ,UDC-SVP,57,6398,5312,875,Sicilia,2008
315,ZANDA Luigi ,PD,30,6398,5621,747,Lazio,2008
316,ZANETTA Valter ,PdL,47,6398,6059,251,Piemonte,2008
317,ZANOLETTI Tomaso ,PdL,68,4607,4370,86,Piemonte,2008
318,ZAVOLI Sergio ,PD,23,6398,2753,3591,Emilia-Romagna,2008
0,AIELLO Pietro ,AP-CPE-NCD-NCI,260,19102,15399,2921,Calabria,2013
1,AIROLA Alberto ,M5S,134,19102,14813,3731,Piemonte,2013
2,ALBANO Donatella ,PD,219,19102,18323,387,Liguria,2013
3,ALBERTI CASELLATI Maria Elisabetta ,FI-PdL,74,7006,4435,2571,Veneto,2013
4,ALBERTINI Gabriele ,AP-CPE-NCD-NCI,629,19102,15150,2890,Lombardia,2013
5,ALICATA Bruno ,FI-PdL,222,19102,16951,1320,Sicilia,2013
6,AMATI Silvana ,PD,299,19102,16214,1112,Marche,2013
7,AMIDEI Bartolomeo ,Misto,259,12096,10557,1533,Veneto,2013
8,AMORUSO Francesco Maria ,ALA-PRI,983,19102,10764,3706,Puglia,2013
9,ANGIONI Ignazio ,PD,27,19102,18176,528,Sardegna,2013
10,ANITORI Fabiola ,AP-CPE-NCD-NCI,45,19102,9509,3237,Lazio,2013
11,ARACRI Francesco ,"FL(Id-PL, PLI",1334,19102,12343,6718,Lazio,2013
12,ARRIGONI Paolo ,Lega,430,19102,16988,1160,Lombardia,2013
13,ASTORRE Bruno ,PD,52,19102,17483,1353,Lazio,2013
14,AUGELLO Andrea ,"FL(Id-PL, PLI",1199,19102,10567,7523,Lazio,2013
15,AURICCHIO Domenico in carica dal 01/07/2014,-1,520,14448,11168,3182,Campania,2013
16,AZZOLLINI Antonio,-1,2349,19102,12289,6673,Puglia,2013
17,BARANI Lucio ,ALA-PRI,626,19102,14499,4515,Lombardia,2013
18,BAROZZINO Giovanni ,Misto,0,19102,18276,824,Basilicata,2013
19,BATTISTA Lorenzo ,Art.1-MDP-LeU,213,19102,15069,645,Friuli-Venezia Giulia,2013
20,BELLOT Raffaela ,NcI,55,19102,17103,1235,Veneto,2013
21,BENCINI Alessandra ,Misto,80,19102,16580,1926,Toscana,2013
22,BERGER Johann Karl ,Aut(SVP-UV-PATT-UPT,578,19102,17002,1262,Trentino-Alto Adige,2013
23,BERNINI Anna Maria ,FI-PdL,731,19102,12992,5277,Emilia-Romagna,2013
24,BERTACCO Stefano ,Misto,227,12096,8603,3230,Veneto,2013
25,BERTOROTTA Ornella ,M5S,89,19102,14602,3353,Sicilia,2013
26,BERTUZZI Maria Teresa ,PD,38,19102,17158,968,Emilia-Romagna,2013
27,BIANCO Amedeo ,PD,39,19102,17347,1519,Sicilia,2013
28,BIANCONI Laura ,AP-CPE-NCD-NCI,63,19102,15188,2845,Emilia-Romagna,2013
29,BIGNAMI Laura ,Misto,19,19102,11118,4601,Lombardia,2013
30,BILARDI Giovanni Emanuele ,"FL(Id-PL, PLI",159,19102,13091,5791,Calabria,2013
31,BISINELLA Patrizia ,NcI,37,19102,14101,3174,Veneto,2013
32,BLUNDO Rosetta Enza ,M5S,131,19102,14403,4621,Abruzzo,2013
33,BOCCA Bernabò ,FI-PdL,202,19102,10543,8334,Friuli-Venezia Giulia,2013
34,BOCCARDI Michele ,FI-PdL,138,8428,6635,1634,Puglia,2013
35,BOCCHINO Fabrizio ,Misto,16,19102,15381,3611,Sicilia,2013
36,BONAIUTI Paolo ,AP-CPE-NCD-NCI,315,19102,11785,5266,Lombardia,2013
37,BONDI Sandro,-1,182,19102,7128,11945,Lombardia,2013
38,BONFRISCO Anna Cinzia ,"FL(Id-PL, PLI",838,19102,6668,12119,Veneto,2013
39,BORIOLI Daniele Gaetano ,PD,49,19102,18783,220,Piemonte,2013
40,BOTTICI Laura ,M5S,46,19102,11672,6893,Toscana,2013
41,BROGLIA Claudio ,PD,26,19102,16744,1394,Emilia-Romagna,2013
42,BRUNI Francesco ,NcI,763,19102,16366,2201,Puglia,2013
43,BUBBICO Filippo ,Art.1-MDP-LeU,11,19102,5546,1571,Basilicata,2013
44,BUCCARELLA Maurizio ,M5S,107,19102,14708,4207,Puglia,2013
45,BUEMI Enrico in carica dal 22/05/2013,-1,257,19085,16058,2291,Piemonte,2013
46,BULGARELLI Elisa ,M5S,96,19102,14694,3977,Emilia-Romagna,2013
47,CALDEROLI Roberto ,Misto,644,19102,17040,1436,Lombardia,2013
48,CALEO Massimo ,PD,32,19102,16992,1077,Liguria,2013
49,CALIENDO Giacomo ,FI-PdL,270,19102,15475,3566,Lombardia,2013
50,CAMPANELLA Francesco ,Art.1-MDP-LeU,156,19102,14423,4549,Sicilia,2013
51,CANDIANI Stefano ,Lega,649,19102,15401,3232,Lombardia,2013
52,CANTINI Laura ,PD,45,19102,18163,185,Toscana,2013
53,CAPACCHIONE Rosaria ,PD,99,19102,17988,621,Campania,2013
54,CAPPELLETTI Enrico ,M5S,67,19102,15117,3144,Veneto,2013
55,CARDIELLO Franco ,FI-PdL,186,19102,9291,9193,Campania,2013
56,CARDINALI Valeria ,PD,44,19102,18625,160,Umbria,2013
57,CARIDI Antonio Stefano ,GAL-UDCeDC,371,19102,9636,8983,Calabria,2013
58,CARRARO Franco ,FI-PdL,1631,19102,15839,1541,Emilia-Romagna,2013
59,CASALETTO Monica ,GAL-UDCeDC,1333,19102,12292,5370,Lombardia,2013
60,CASINI Pier Ferdinando ,AP-CPE-NCD-NCI,117,19102,9918,6341,Campania,2013
61,CASSANO Massimo,-1,44,19102,8043,2225,Puglia,2013
62,CASSINELLI Roberto ,FI-PdL,20,2318,2053,156,Liguria,2013
63,CASSON Felice ,Art.1-MDP-LeU,330,19102,9813,415,Veneto,2013
64,CASTALDI Gianluca ,M5S,101,19102,14139,4134,Abruzzo,2013
65,CATALFO Nunzia ,M5S,114,19102,11763,5027,Sicilia,2013
66,CATTANEO Elena ,Aut(SVP-UV-PATT-UPT,1042,17897,2441,5787,* Senatore a vita,2013
67,CENTINAIO Gian Marco,-1,482,19102,13034,4535,Lombardia,2013
68,CERONI Remigio ,FI-PdL,380,19102,16776,2002,Marche,2013
69,CERVELLINI Massimo ,Misto,0,19102,18337,765,Lazio,2013
70,CHIAVAROLI Federica ,AP-CPE-NCD-NCI,47,19102,12062,2142,Abruzzo,2013
71,CHITI Vannino ,PD,135,19102,15320,842,Piemonte,2013
72,CIAMPOLILLO Alfonso ,M5S,189,19102,14221,4461,Puglia,2013
73,CIOFFI Andrea ,M5S,150,19102,14048,4390,Campania,2013
74,CIRINNA' Monica ,PD,158,19102,16790,1262,Lazio,2013
75,COCIANCICH Roberto ,PD,40,19102,16843,1600,Lombardia,2013
76,COLLINA Stefano ,PD,15,19102,17545,420,Emilia-Romagna,2013
77,COLUCCI Francesco ,AP-CPE-NCD-NCI,192,19102,10755,4781,Lombardia,2013
78,COMAROLI Silvana ,Lega,469,19102,17319,942,Lombardia,2013
79,COMPAGNA Luigi ,"FL(Id-PL, PLI",3849,19102,11637,3463,Campania,2013
80,CONSIGLIO Nunziante ,Lega,488,19102,16421,1654,Lombardia,2013
81,CONTE Franco ,AP-CPE-NCD-NCI,206,19102,17716,617,Veneto,2013
82,CONTI Riccardo ,GAL-UDCeDC,262,19102,6062,12935,Lombardia,2013
83,CORSINI Paolo ,Art.1-MDP-LeU,165,19102,13555,738,Lombardia,2013
84,COTTI Roberto ,M5S,227,19102,13953,4766,Sardegna,2013
85,CRIMI Vito Claudio ,M5S,90,19102,11165,2632,Lombardia,2013
86,CROSIO Jonny ,Lega,669,19102,15324,2306,Lombardia,2013
87,CUCCA Giuseppe Luigi ,PD,23,19102,18832,111,Sardegna,2013
88,D'ADDA Erica ,PD,143,19102,18175,438,Lombardia,2013
89,D'ALI' Antonio,-1,630,19102,11364,6140,Sicilia,2013
90,D'AMBROSIO LETTIERI Luigi ,NcI,670,19102,12561,5315,Puglia,2013
91,D'ANNA Vincenzo ,ALA-PRI,2086,19102,8507,9588,Campania,2013
92,D'APUZZO Mario ,ALA-PRI,0,0,0,0,Campania,2013
93,D'ASCOLA Vincenzo Mario Domenico ,AP-CPE-NCD-NCI,178,19102,12614,5347,Calabria,2013
94,D'ONGHIA Angela ,GAL-UDCeDC,1913,19102,9595,1253,Puglia,2013
95,DALLA TOR Mario ,AP-CPE-NCD-NCI,393,19102,18711,195,Veneto,2013
96,DALLA ZUANNA Gianpiero ,PD,155,19102,17382,1592,Veneto,2013
97,DAVICO Michelino ,"FL(Id-PL, PLI",3740,19102,13065,5098,Piemonte,2013
98,DE BIASI Emilia Grazia ,PD,39,19102,17752,527,Lombardia,2013
99,DE CRISTOFARO Peppe ,Misto,0,19102,15015,3791,Campania,2013
100,DE PETRIS Loredana ,Misto,0,19102,16414,2394,Lazio,2013
101,DE PIETRO Cristina ,FI-PdL,37,19102,6249,6130,Liguria,2013
102,DE PIN Paola ,GAL-UDCeDC,1871,19102,12110,5562,Veneto,2013
103,DE POLI Antonio ,GAL-UDCeDC,84,19102,6057,3276,Veneto,2013
104,DE SIANO Domenico ,FI-PdL,204,19102,11285,7809,Campania,2013
105,DEL BARBA Mauro ,PD,20,19102,17595,994,Lombardia,2013
106,DELLA VEDOVA Benedetto ,Misto,63,19102,5866,1204,Lombardia,2013
107,DI BIAGIO Aldo ,AP-CPE-NCD-NCI,402,19102,14761,2786,Europa,2013
108,DI GIACOMO Ulisse ,"FL(Id-PL, PLI",734,17284,10969,5761,Molise,2013
109,DI GIORGI Rosa Maria ,PD,81,19102,13105,4133,Toscana,2013
110,DI MAGGIO Salvatore Tito ,NcI,2482,19102,11988,6123,Basilicata,2013
111,DIRINDIN Nerina ,Art.1-MDP-LeU,294,19102,16942,1156,Piemonte,2013
112,DIVINA Sergio ,Lega,259,19102,13885,1267,Trentino-Alto Adige,2013
113,DONNO Daniela ,M5S,51,19102,11914,5255,Puglia,2013
114,ENDRIZZI Giovanni ,M5S,141,19102,14182,4283,Veneto,2013
115,ESPOSITO Giuseppe ,GAL-UDCeDC,219,19102,7108,2537,Campania,2013
116,ESPOSITO Lucia ,PD,2,1513,1461,52,Campania,2013
117,ESPOSITO Stefano ,PD,145,19102,15203,2564,Piemonte,2013
118,FABBRI Camilla ,PD,43,19102,17772,654,Marche,2013
119,FALANGA Ciro ,ALA-PRI,862,19102,12426,6540,Campania,2013
120,FASANO Vincenzo ,FI-PdL,199,19102,10449,8413,Campania,2013
121,FASIOLO Laura ,PD,78,14448,14171,231,Friuli-Venezia Giulia,2013
122,FATTORI Elena ,M5S,84,19102,10968,5223,Lazio,2013
123,FATTORINI Emma ,PD,97,19102,16254,1189,Basilicata,2013
124,FAVERO Nicoletta ,PD,58,19102,18749,153,Piemonte,2013
125,FAZZONE Claudio ,FI-PdL,504,19102,10060,1753,Lazio,2013
126,FEDELI Valeria ,PD,7,19102,13238,886,Toscana,2013
127,FERRARA Elena ,PD,27,19102,18512,379,Piemonte,2013
128,FERRARA Mario Francesco ,GAL-UDCeDC,1164,19102,8863,10125,Sicilia,2013
129,FILIPPI Marco ,PD,36,19102,18016,708,Toscana,2013
130,FILIPPIN Rosanna ,PD,19,19102,18423,434,Veneto,2013
131,FINOCCHIARO Anna ,PD,34,19102,13248,3427,Puglia,2013
132,FISSORE Elena ,PD,34,19102,17076,778,Piemonte,2013
133,FLORIS Emilio ,FI-PdL,525,19102,14846,3117,Sardegna,2013
134,FORMIGONI Roberto ,AP-CPE-NCD-NCI,163,19102,12008,2569,Lombardia,2013
135,FORNARO Federico ,Art.1-MDP-LeU,75,19102,19032,56,Piemonte,2013
136,FRAVEZZI Vittorio ,Aut(SVP-UV-PATT-UPT,166,19102,18141,708,Trentino-Alto Adige,2013
137,FUCKSIA Serenella ,"FL(Id-PL, PLI",362,19102,14116,4966,Marche,2013
138,GAETTI Luigi ,M5S,121,19102,15596,3239,Lombardia,2013
139,GALIMBERTI Paolo ,FI-PdL,307,19102,10409,7703,Lombardia,2013
140,GAMBARO Adele ,ALA-PRI,130,19102,12430,1325,Emilia-Romagna,2013
141,GASPARRI Maurizio ,FI-PdL,416,19102,11300,7557,Lazio,2013
142,GATTI Maria Grazia ,Art.1-MDP-LeU,262,19102,18524,409,Toscana,2013
143,GENTILE Antonio ,AP-CPE-NCD-NCI,53,19102,9261,2565,Calabria,2013
144,GHEDINI Niccolo' ,FI-PdL,0,19102,138,18964,Veneto,2013
145,GIACOBBE Francesco ,PD,145,19102,13396,1232,Asia-Africa-Oceania-Antartide,2013
146,GIANNINI Stefania ,PD,10,19102,8565,1112,Toscana,2013
147,GIARRUSSO Mario Michele ,M5S,106,19102,12052,6143,Sicilia,2013
148,GIBIINO Vincenzo ,FI-PdL,299,19102,13393,5645,Sicilia,2013
149,GINETTI Nadia ,PD,16,19102,17928,476,Umbria,2013
150,GIOVANARDI Carlo ,"FL(Id-PL, PLI",1616,19102,15582,3326,Emilia-Romagna,2013
151,GIRO Francesco Maria ,FI-PdL,779,19102,13098,3914,Lazio,2013
152,GIROTTO Gianni ,M5S,62,19102,11886,6474,Veneto,2013
153,GOTOR Miguel ,Art.1-MDP-LeU,68,19102,16525,2338,Umbria,2013
154,GRANAIOLA Manuela ,Art.1-MDP-LeU,135,19102,17638,879,Toscana,2013
155,GRASSO Pietro ,Misto,0,19102,5337,13765,Lazio,2013
156,GUALDANI Marcello ,AP-CPE-NCD-NCI,115,19102,15076,2248,Sicilia,2013
157,GUERRA Maria Cecilia ,Art.1-MDP-LeU,74,19102,15756,1019,Emilia-Romagna,2013
158,GUERRIERI PALEOTTI Paolo ,PD,96,19102,15328,2000,Liguria,2013
159,ICHINO Pietro ,PD,43,19102,16399,2433,Lombardia,2013
160,IDEM Josefa ,PD,34,19102,16586,1218,Emilia-Romagna,2013
161,IURLARO Pietro ,ALA-PRI,325,19102,11658,7171,Puglia,2013
162,LAI Bachisio Silvio ,PD,180,19102,14111,4115,Sardegna,2013
163,LANGELLA Pietro ,ALA-PRI,617,19102,12881,6044,Campania,2013
164,LANIECE Albert ,Aut(SVP-UV-PATT-UPT,182,19102,18542,553,Valle d'Aosta,2013
165,LANZILLOTTA Linda ,PD,89,19102,14399,3558,Umbria,2013
166,LATORRE Nicola ,PD,19,19102,10995,6253,Puglia,2013
167,LEPRI Stefano ,PD,71,19102,18741,359,Piemonte,2013
168,LEZZI Barbara ,M5S,128,19102,12792,4291,Puglia,2013
169,LIUZZI Pietro ,NcI,860,19102,16334,2606,Puglia,2013
170,LO GIUDICE Sergio ,PD,166,19102,17681,860,Emilia-Romagna,2013
171,LO MORO Doris ,Art.1-MDP-LeU,134,19102,18262,465,Calabria,2013
172,LONGO Eva ,ALA-PRI,535,19102,15771,2753,Campania,2013
173,LONGO Fausto Guilherme ,Aut(SVP-UV-PATT-UPT,634,19102,12908,1592,America meridionale,2013
174,LUCHERINI Carlo ,PD,117,19102,17954,625,Lazio,2013
175,LUCIDI Stefano ,M5S,185,19102,14631,3959,Umbria,2013
176,LUMIA Giuseppe ,PD,109,19102,15753,2923,Sicilia,2013
177,MALAN Lucio ,FI-PdL,188,19102,16877,1246,Piemonte,2013
178,MANASSERO Patrizia ,PD,32,19102,18216,544,Piemonte,2013
179,MANCONI Luigi ,PD,259,19102,12121,5047,Sardegna,2013
180,MANCUSO Bruno ,AP-CPE-NCD-NCI,252,19102,16437,1669,Sicilia,2013
181,MANDELLI Andrea ,FI-PdL,370,19102,17850,1252,Lombardia,2013
182,MANGILI Giovanna ,M5S,105,19102,15294,3292,Lombardia,2013
183,MARAN Alessandro ,PD,54,19102,17378,1451,Friuli-Venezia Giulia,2013
184,MARCUCCI Andrea ,PD,68,19102,17248,1133,Toscana,2013
185,MARGIOTTA Salvatore,-1,29,19102,14989,4113,Basilicata,2013
186,MARIN Marco ,FI-PdL,324,19102,15979,3017,Veneto,2013
187,MARINELLO Giuseppe Francesco Maria ,AP-CPE-NCD-NCI,387,19102,14811,3809,Sicilia,2013
188,MARINO Luigi ,AP-CPE-NCD-NCI,1066,19102,15796,1687,Emilia-Romagna,2013
189,MARINO Mauro Maria ,PD,71,19102,16772,1227,Piemonte,2013
190,MARTELLI Carlo ,M5S,187,19102,14376,3464,Piemonte,2013
191,MARTINI Claudio ,PD,33,19102,15790,2237,Toscana,2013
192,MARTON Bruno ,M5S,55,19102,10303,1913,Lombardia,2013
193,MASTRANGELI Marino Germano ,Misto,0,19102,11015,8087,Lazio,2013
194,MATTESINI Donatella ,PD,69,19102,17260,1316,Toscana,2013
195,MATURANI Giuseppina ,PD,22,19102,17733,375,Lazio,2013
196,MAURO Giovanni ,GAL-UDCeDC,1018,19102,17189,1356,Campania,2013
197,MAURO Mario ,FI-PdL,2804,19102,11628,3856,Lombardia,2013
198,MAZZONI Riccardo ,ALA-PRI,282,19102,17153,1866,Toscana,2013
199,MERLONI Maria Paola ,Aut(SVP-UV-PATT-UPT,95,19102,8127,10816,Marche,2013
200,MESSINA Alfredo ,FI-PdL,36,19102,6765,9070,Lombardia,2013
201,MICHELONI Claudio ,Misto,126,19102,12353,3816,Europa,2013
202,MIGLIAVACCA Maurizio ,Art.1-MDP-LeU,70,19102,16053,1323,Emilia-Romagna,2013
203,MILO Antonio ,ALA-PRI,937,19102,10714,8359,Campania,2013
204,MINEO Corradino ,Misto,420,19102,14799,3674,Sicilia,2013
205,MINNITI Marco ,PD,9,19102,5140,3336,Calabria,2013
206,MIRABELLI Franco ,PD,28,19102,17491,664,Lombardia,2013
207,MOLINARI Francesco ,Misto,44,19102,14315,4079,Calabria,2013
208,MONTEVECCHI Michela ,M5S,119,19102,14254,4428,Emilia-Romagna,2013
209,MONTI Mario ,Misto,4,19102,1239,1863,* Senatore a vita,2013
210,MORGONI Mario ,PD,14,19102,18050,197,Marche,2013
211,MORONESE Vilma ,M5S,70,19102,14182,3644,Campania,2013
212,MORRA Nicola ,M5S,76,19102,12394,5382,Calabria,2013
213,MOSCARDELLI Claudio ,PD,18,19102,17289,1564,Lazio,2013
214,MUCCHETTI Massimo ,PD,135,19102,13491,3809,Lombardia,2013
215,MUGNAI Franco ,FI-PdL,0,179,30,149,Toscana,2013
216,MUNERATO Emanuela ,NcI,69,19102,15436,3164,Veneto,2013
217,MUSSINI Maria ,Misto,12,19102,15084,3413,Emilia-Romagna,2013
218,NACCARATO Paolo in carica dal 07/05/2013,-1,4683,19092,16877,1717,Lombardia,2013
219,NAPOLITANO Giorgio ,Aut(SVP-UV-PATT-UPT,9,11723,373,9076,* Senatore a vita,2013
220,NENCINI Riccardo ,Aut(SVP-UV-PATT-UPT,63,19102,4428,2705,Marche,2013
221,NUGNES Paola ,M5S,89,19102,11496,6079,Campania,2013
222,OLIVERO Andrea ,Aut(SVP-UV-PATT-UPT,31,19102,9778,751,Piemonte,2013
223,ORELLANA Luis Alberto ,Aut(SVP-UV-PATT-UPT,361,19102,16429,1003,Lombardia,2013
224,ORRU' Pamela ,PD,16,19102,18715,117,Sicilia,2013
225,PADUA Venera ,PD,13,19102,18188,336,Sicilia,2013
226,PAGANO Giuseppe ,AP-CPE-NCD-NCI,119,19102,16753,1012,Sicilia,2013
227,PAGLIARI Giorgio ,PD,106,19102,18222,519,Emilia-Romagna,2013
228,PAGLINI Sara ,M5S,49,19102,13460,4783,Toscana,2013
229,PAGNONCELLI Lionello Marco ,ALA-PRI,961,19078,13973,4613,Lombardia,2013
230,PALERMO Francesco ,Aut(SVP-UV-PATT-UPT,1294,19102,14107,1335,Trentino-Alto Adige,2013
231,PALMA Nitto Francesco ,FI-PdL,543,19102,7656,11446,Campania,2013
232,PANIZZA Franco ,Aut(SVP-UV-PATT-UPT,110,19102,17379,557,Trentino-Alto Adige,2013
233,PARENTE Annamaria ,PD,44,19102,18343,459,Lazio,2013
234,PEGORER Carlo ,Art.1-MDP-LeU,42,19102,19059,43,Friuli-Venezia Giulia,2013
235,PELINO Paola ,FI-PdL,225,19102,18230,856,Abruzzo,2013
236,PEPE Bartolomeo ,GAL-UDCeDC,1482,19102,11044,3190,Campania,2013
237,PERRONE Luigi ,NcI,1054,19102,16272,1907,Puglia,2013
238,PETRAGLIA Alessia ,Misto,0,19102,17898,986,Toscana,2013
239,PETROCELLI Vito ,M5S,57,19102,14541,3408,Basilicata,2013
240,PEZZOPANE Stefania ,PD,80,19102,17549,1109,Abruzzo,2013
241,PIANO Renzo ,Aut(SVP-UV-PATT-UPT,0,17897,8,615,* Senatore a vita,2013
242,PICCINELLI Enrico in carica dal 28/05/2013,-1,601,19085,15168,3732,Lombardia,2013
243,PICCOLI Giovanni,-1,458,19102,14817,3928,Veneto,2013
244,PIGNEDOLI Leana ,PD,18,19102,18497,565,Emilia-Romagna,2013
245,PINOTTI Roberta ,PD,3,19102,3540,525,Liguria,2013
246,PIZZETTI Luciano ,PD,26,19102,13102,862,Lombardia,2013
247,PUGLIA Sergio ,M5S,212,19102,14698,4210,Campania,2013
248,PUGLISI Francesca ,PD,22,19102,16152,1688,Emilia-Romagna,2013
249,PUPPATO Laura ,PD,263,19102,16465,1354,Veneto,2013
250,QUAGLIARIELLO Gaetano ,"FL(Id-PL, PLI",461,19102,7491,5298,Abruzzo,2013
251,RANUCCI Raffaele ,PD,62,19102,17109,1750,Lazio,2013
252,RAZZI Antonio ,FI-PdL,135,19102,16612,2103,Abruzzo,2013
253,REPETTI Manuela,-1,308,19102,13464,5609,Piemonte,2013
254,RICCHIUTI Lucrezia ,Art.1-MDP-LeU,480,19102,16350,2407,Lombardia,2013
255,RIZZOTTI Maria ,FI-PdL,390,19102,13630,4084,Piemonte,2013
256,ROMANI Maurizio ,Misto,36,19102,15604,2757,Toscana,2013
257,ROMANI Paolo ,FI-PdL,166,19102,8198,9469,Lombardia,2013
258,ROMANO Lucio ,Aut(SVP-UV-PATT-UPT,124,19102,15543,1507,Campania,2013
259,ROSSI Gianluca ,PD,46,19102,18474,49,Umbria,2013
260,ROSSI Luciano ,AP-CPE-NCD-NCI,451,19102,16532,2177,Umbria,2013
261,ROSSI Mariarosaria ,FI-PdL,145,19102,7068,12025,Lazio,2013
262,ROSSI Maurizio Giuseppe ,Misto,275,19102,11003,8071,Liguria,2013
263,RUBBIA Carlo ,Aut(SVP-UV-PATT-UPT,138,17897,1524,6094,* Senatore a vita,2013
264,RUSSO Francesco ,PD,54,19102,18657,397,Friuli-Venezia Giulia,2013
265,RUTA Roberto ,PD,51,19102,18579,498,Molise,2013
266,RUVOLO Giuseppe,-1,623,19102,10609,6835,Sicilia,2013
267,SACCONI Maurizio ,AP-CPE-NCD-NCI,130,19102,5682,12799,Veneto,2013
268,SAGGESE Angelica ,PD,46,19102,15645,1815,Campania,2013
269,SANGALLI Gian Carlo ,PD,159,19102,16458,767,Emilia-Romagna,2013
270,SANTANGELO Vincenzo ,M5S,96,19102,14678,2797,Sicilia,2013
271,SANTINI Giorgio ,PD,183,19102,17256,1681,Veneto,2013
272,SCALIA Francesco ,PD,69,19102,17435,937,Lazio,2013
273,SCAVONE Antonio Fabio Maria ,NcI,2492,19102,10838,6080,Sicilia,2013
274,SCHIFANI Renato Giuseppe,-1,122,19102,6538,10871,Sicilia,2013
275,SCIASCIA Salvatore ,FI-PdL,661,19102,13213,3491,Lombardia,2013
276,SCIBONA Marco ,M5S,82,19102,14754,4278,Piemonte,2013
277,SCILIPOTI Domenico ,FI-PdL,2686,19102,11664,4697,Calabria,2013
278,SCOMA Francesco ,FI-PdL,348,19102,12630,5704,Sicilia,2013
279,SEGRE Liliana ,Misto,0,0,0,0,* Senatore a vita,2013
280,SERAFINI Giancarlo ,FI-PdL,771,19102,16698,1111,Lombardia,2013
281,SERRA Manuela ,M5S,72,19102,11805,5552,Sardegna,2013
282,SIBILIA Cosimo ,FI-PdL,378,19102,16528,1010,Campania,2013
283,SILVESTRO Annalisa ,PD,45,19102,17825,658,Lombardia,2013
284,SIMEONI Ivana ,Misto,71,19102,13249,5581,Lazio,2013
285,SOLLO Pasquale ,PD,29,19102,17856,964,Campania,2013
286,SONEGO Lodovico ,Art.1-MDP-LeU,126,19102,16017,1801,Friuli-Venezia Giulia,2013
287,SPILABOTTE Maria ,PD,110,19102,16800,1167,Lazio,2013
288,SPOSETTI Ugo ,PD,146,19102,15467,2755,Lazio,2013
289,STEFANI Erika ,Lega,388,19102,16118,1408,Veneto,2013
290,STEFANO Dario ,Misto,0,19102,14425,2372,Puglia,2013
291,STUCCHI Giacomo ,Lega,319,19102,3516,467,Lombardia,2013
292,SUSTA Gianluca ,PD,125,19102,16481,2473,Piemonte,2013
293,TARQUINIO Lucio Rosario ,NcI,874,19102,9457,7462,Puglia,2013
294,TAVERNA Paola ,M5S,82,19102,12001,6439,Lazio,2013
295,TOCCI Walter ,PD,324,19102,15330,2662,Lazio,2013
296,TOMASELLI Salvatore ,PD,23,19102,17021,1916,Puglia,2013
297,TONINI Giorgio ,PD,20,19102,17888,967,Trentino-Alto Adige,2013
298,TORRISI Salvo ,AP-CPE-NCD-NCI,244,19102,16129,1608,Sicilia,2013
299,TOSATO Paolo ,Lega,285,14438,12371,1830,Veneto,2013
300,TREMONTI Giulio ,GAL-UDCeDC,1231,19102,3297,15787,Piemonte,2013
301,TRONTI Mario ,PD,10,19102,15357,3001,Lombardia,2013
302,TURANO Renato Guerino ,PD,154,19102,10361,2948,America settentrionale e centrale,2013
303,URAS Luciano ,Misto,0,19102,16005,2219,Sardegna,2013
304,VACCARI Stefano ,PD,78,19102,17978,620,Emilia-Romagna,2013
305,VACCIANO Giuseppe ,Misto,45,19102,16727,2053,Lazio,2013
306,VALDINOSI Mara ,PD,24,12090,11838,62,Emilia-Romagna,2013
307,VALENTINI Daniela ,PD,26,19102,13362,2246,Lazio,2013
308,VATTUONE Vito ,PD,34,19102,17092,223,Liguria,2013
309,VERDINI Denis ,ALA-PRI,1,19102,1667,17435,Toscana,2013
310,VERDUCCI Francesco ,PD,78,19102,17432,971,Marche,2013
311,VICARI Simona ,AP-CPE-NCD-NCI,73,19102,4500,2749,Sicilia,2013
312,VICECONTE Guido Walter Cesare ,AP-CPE-NCD-NCI,195,19102,14632,3607,Basilicata,2013
313,VILLARI Riccardo ,GAL-UDCeDC,691,19102,10138,8868,Campania,2013
314,VOLPI Raffaele ,Lega,383,19102,9903,8640,Lombardia,2013
315,ZANDA Luigi ,PD,25,19102,16288,2759,Lazio,2013
316,ZANONI Magda Angela ,PD,64,19102,18750,322,Piemonte,2013
317,ZAVOLI Sergio ,PD,46,19102,9568,5772,Campania,2013
318,ZELLER Karl ,Aut(SVP-UV-PATT-UPT,125,19102,16951,2116,Trentino-Alto Adige,2013
319,ZIN Claudio ,Aut(SVP-UV-PATT-UPT,1053,19102,13004,2576,America meridionale,2013
320,ZIZZA Vittorio ,NcI,819,19102,14880,3644,Puglia,2013
321,ZUFFADA Sante ,FI-PdL,771,19102,16834,1521,Lombardia,2013
0,ABATE Rosa Silvana ,CAL-PC-Idv,107,8559,7160,717,Calabria,2018
1,ACCOTO Rossella ,M5S,3,8559,6754,131,Marche,2018
2,AGOSTINELLI Donatella ,M5S,28,8559,8469,9,Marche,2018
3,AIMI Enrico ,FI,133,8559,7571,266,Emilia-Romagna,2018
4,AIROLA Alberto ,M5S,50,8559,7747,271,Piemonte,2018
5,ALBERTI CASELLATI Maria Elisabetta ,FI,0,8559,2381,6178,Veneto,2018
6,ALDERISI Francesca ,FI,56,8559,3627,262,America settentrionale e centrale,2018
7,ALESSANDRINI Valeria ,Lega,7,2771,2435,44,Umbria,2018
8,ALFIERI Alessandro ,PD,20,8559,7971,276,Lombardia,2018
9,ANASTASI Cristiano ,M5S,20,8559,7742,236,Sicilia,2018
10,ANGRISANI Luisa ,CAL-PC-Idv,25,8559,8143,416,Campania,2018
11,ARRIGONI Paolo ,Lega,40,8559,7031,53,Lombardia,2018
12,ASTORRE Bruno ,PD,66,8559,7655,705,Lazio,2018
13,AUDDINO Giuseppe ,M5S,15,8559,6465,294,Calabria,2018
14,AUGUSSORI Luigi ,Lega,16,8559,8204,17,Lombardia,2018
15,BAGNAI Alberto ,Lega,35,8559,7199,553,Abruzzo,2018
16,BALBONI Alberto ,FdI,204,8559,8284,110,Emilia-Romagna,2018
17,BARACHINI Alberto ,FI,81,8559,4768,1404,Lombardia,2018
18,BARBARO Claudio ,FdI,47,8559,6745,1358,Campania,2018
19,BARBONI Antonio ,FI,146,8559,6010,516,Emilia-Romagna,2018
20,BATTISTONI Francesco ,FI,76,8559,4335,1121,Lazio,2018
21,BELLANOVA Teresa ,IV-PSI,70,8559,5516,53,Emilia-Romagna,2018
22,BERARDI Roberto ,FI,48,8559,4289,2132,Toscana,2018
23,BERGESIO Giorgio Maria ,Lega,39,8559,8553,6,Piemonte,2018
24,BERNINI Anna Maria ,FI,193,8559,6712,1847,Emilia-Romagna,2018
25,BERUTTI Massimo Vittorio ,Misto,75,8559,7517,758,Piemonte,2018
26,BIASOTTI Sandro ,Misto,175,8559,5571,2662,Liguria,2018
27,BINETTI Paola ,FI,318,8559,8121,164,Lazio,2018
28,BINI Caterina ,PD,29,8559,6877,807,Toscana,2018
29,BITI Caterina ,PD,29,8559,7806,269,Toscana,2018
30,BOCCARDI Michele ,FI,9,1251,933,123,Puglia,2018
31,BOLDRINI Paola ,PD,26,8559,7876,122,Emilia-Romagna,2018
32,BONGIORNO Giulia ,Lega,7,8559,1764,936,Sicilia,2018
33,BONIFAZI Francesco ,IV-PSI,221,8559,6339,1629,Toscana,2018
34,BONINO Emma ,Misto,0,8559,5039,3455,Lazio,2018
35,BORGHESI Stefano ,Lega,24,8559,8204,164,Lombardia,2018
36,BORGONZONI Lucia ,Lega,10,8559,2638,962,Emilia-Romagna,2018
37,BOSSI Simone ,Lega,40,8559,8256,15,Lombardia,2018
38,BOSSI Umberto ,Lega,27,8559,1816,859,Lombardia,2018
39,BOTTICI Laura ,M5S,10,8559,7743,530,Toscana,2018
40,BOTTO Elena ,Misto,7,8559,6959,610,Liguria,2018
41,BRESSA Gianclaudio ,"Aut (SVP-PATT, UV",291,8559,6176,506,Trentino-Alto Adige,2018
42,BRIZIARELLI Luca ,Lega,28,8559,6926,263,Umbria,2018
43,BRUZZONE Francesco ,Lega,30,8559,7173,801,Liguria,2018
44,BUCCARELLA Maurizio,-1,1,8559,7911,525,Puglia,2018
45,CALANDRINI Nicola ,FdI,43,5273,5045,74,Lazio,2018
46,CALDEROLI Roberto ,Lega,20,8559,8084,200,Lombardia,2018
47,CALIENDO Giacomo ,FI,208,8559,7198,480,Lombardia,2018
48,CALIGIURI Fulvia Michela ,FI,21,3654,3267,188,Calabria,2018
49,CAMPAGNA Antonella ,Ipf-CD,9,8559,7186,209,Sicilia,2018
50,CAMPARI Maurizio ,Lega,19,8559,8052,48,Emilia-Romagna,2018
51,CANDIANI Stefano ,Lega,45,8559,3535,370,Lombardia,2018
52,CANDURA Massimo ,Lega,17,8559,8224,48,Veneto,2018
53,CANGINI Andrea ,Misto,140,8559,7310,346,Marche,2018
54,CANTÙ Maria Cristina ,Lega,17,8559,8450,22,Lombardia,2018
55,CARBONE Vincenzo ,IV-PSI,88,8559,6710,1586,Campania,2018
56,CASINI Pier Ferdinando ,"Aut (SVP-PATT, UV",525,8559,6831,606,Emilia-Romagna,2018
57,CASOLATI Marzia ,Lega,14,8559,8054,55,Piemonte,2018
58,CASTALDI Gianluca ,M5S,16,8559,7353,82,Abruzzo,2018
59,CASTELLONE Maria Domenica ,M5S,15,8559,7812,616,Campania,2018
60,CASTIELLO Francesco ,M5S,24,8559,6833,401,Campania,2018
61,CATALFO Nunzia ,M5S,35,8559,6261,555,Sicilia,2018
62,CATTANEO Elena ,"Aut (SVP-PATT, UV",1302,8559,2362,675,* Senatore a vita,2018
63,CAUSIN Andrea,-1,407,8559,6064,1784,Veneto,2018
64,CENTINAIO Gian Marco ,Lega,6,8559,1475,156,Lombardia,2018
65,CERNO Tommaso,-1,27,8559,805,5149,Lombardia,2018
66,CESARO Luigi ,Misto,327,8559,7155,1273,Campania,2018
67,CIAMPOLILLO Alfonso ,Misto,60,8559,4621,3299,Puglia,2018
68,CIOFFI Andrea ,M5S,32,8559,5062,515,Campania,2018
69,CIRIANI Luca ,FdI,105,8559,7204,728,Friuli-Venezia Giulia,2018
70,CIRINNA' Monica ,PD,140,8559,5903,638,Lazio,2018
71,COLLINA Stefano ,PD,43,8559,8308,41,Emilia-Romagna,2018
72,COLTORTI Mauro ,M5S,22,8559,8246,264,Marche,2018
73,COMINCINI Eugenio Alberto,-1,30,8559,7942,246,Lombardia,2018
74,CONZATTI Donatella ,IV-PSI,183,8559,7471,524,Trentino-Alto Adige,2018
75,CORBETTA Gianmarco ,M5S,20,8559,7771,561,Lombardia,2018
76,CORRADO Margherita ,CAL-PC-Idv,51,8559,8176,146,Calabria,2018
77,CORTI Stefano ,Lega,13,3654,3413,57,Emilia-Romagna,2018
78,CRAXI Stefania Gabriella Anastasia ,FI,55,8559,5384,2854,Lombardia,2018
79,CRIMI Vito Claudio ,M5S,13,8559,4322,1341,Lombardia,2018
80,CROATTI Marco ,M5S,22,8559,8458,7,Emilia-Romagna,2018
81,CRUCIOLI Mattia ,CAL-PC-Idv,40,8559,7411,656,Liguria,2018
82,CUCCA Giuseppe Luigi ,IV-PSI,28,8559,7627,82,Sardegna,2018
83,D'ALFONSO Luciano ,PD,20,8559,7499,728,Abruzzo,2018
84,D'ANGELO Grazia ,M5S,17,8559,5506,603,Sicilia,2018
85,D'ARIENZO Vincenzo ,PD,56,8559,8097,124,Veneto,2018
86,DAL MAS Franco ,FI,101,8559,7190,549,Friuli-Venezia Giulia,2018
87,DAMIANI Dario ,FI,109,8559,7786,206,Puglia,2018
88,DE ANGELIS Fausto ,Lega,3,918,764,105,Calabria,2018
89,DE BERTOLDI Andrea ,FdI,49,8559,7349,1102,Trentino-Alto Adige,2018
90,DE BONIS Saverio ,FI,32,8559,6608,1937,Basilicata,2018
91,DE CARLO Luca ,FdI,59,2553,2379,57,Veneto,2018
92,DE FALCO Gregorio,-1,13,8559,4524,3901,Toscana,2018
93,DE LUCIA Danila ,M5S,12,8559,8338,68,Campania,2018
94,DE PETRIS Loredana ,Misto,0,8559,7715,843,Lazio,2018
95,DE POLI Antonio ,FI,94,8559,3938,257,Veneto,2018
96,DE SIANO Domenico ,Misto,148,8559,7592,927,Campania,2018
97,DE VECCHIS William ,Misto,89,8559,7959,297,Lazio,2018
98,DELL'OLIO Gianmauro ,M5S,8,8559,8493,5,Puglia,2018
99,DESSI' Emanuele ,CAL-PC-Idv,75,8559,7898,505,Lazio,2018
100,DI GIROLAMO Gabriella ,M5S,12,8559,8054,45,Abruzzo,2018
101,DI MARZIO Luigi ,Misto,10,8559,5683,259,Molise,2018
102,DI MICCO Fabio,-1,130,8559,6118,1613,Campania,2018
103,DI NICOLA Primo ,Ipf-CD,26,8559,8057,273,Abruzzo,2018
104,DI PIAZZA Stanislao ,M5S,11,8559,6420,676,Sicilia,2018
105,DONNO Daniela ,Ipf-CD,12,8559,6668,295,Puglia,2018
106,Doria Carlo ,Lega,35,2553,2023,268,Sardegna,2018
107,DRAGO Tiziana Carmela Rosaria ,FdI,75,8559,7249,539,Sicilia,2018
108,DURNWALDER Meinhard ,"Aut (SVP-PATT, UV",786,8559,7728,806,Trentino-Alto Adige,2018
109,ENDRIZZI Giovanni ,M5S,41,8559,6811,696,Veneto,2018
110,ERRANI Vasco ,Misto,0,8559,8194,158,Emilia-Romagna,2018
111,EVANGELISTA Elvira Lucia ,IV-PSI,75,8559,8127,167,Sardegna,2018
112,FAGGI Antonella ,Lega,29,8559,7039,294,Lombardia,2018
113,FANTETTI Raffaele,-1,75,8559,6815,621,Europa,2018
114,FARAONE Davide ,IV-PSI,46,8559,5929,1904,Sicilia,2018
115,FATTORI Elena ,Misto,118,8559,4530,2765,Lazio,2018
116,FAZZOLARI Giovanbattista ,FdI,121,8559,6019,1506,Piemonte,2018
117,FAZZONE Claudio ,FI,70,8559,2816,1997,Lazio,2018
118,FEDE Giorgio ,M5S,9,8559,8409,62,Marche,2018
119,FEDELI Valeria ,PD,2,8559,7254,391,Campania,2018
120,FENU Emiliano ,M5S,15,8559,7939,341,Sardegna,2018
121,FERRARA Gianluca ,M5S,20,8559,8062,138,Toscana,2018
122,FERRARI Alan ,PD,8,8559,8454,73,Lombardia,2018
123,FERRAZZI Andrea ,PD,44,8559,8076,150,Veneto,2018
124,FERRERO Roberta ,Lega,35,8559,7932,148,Piemonte,2018
125,FERRO Giuseppe Massimo ,FI,169,8559,5988,683,Veneto,2018
126,FLORIDIA Barbara ,M5S,11,8559,5946,440,Sicilia,2018
127,FLORIS Emilio ,FI,127,8559,7124,957,Sardegna,2018
128,FREGOLENT Sonia ,Lega,32,8559,8081,249,Veneto,2018
129,FUSCO Umberto ,Lega,42,8559,7263,474,Lazio,2018
130,GALLIANI Adriano ,FI,48,8559,4250,774,Lombardia,2018
131,GALLICCHIO Agnese ,M5S,9,8559,8278,16,Basilicata,2018
132,GALLONE Maria Alessandra ,FI,72,8559,8209,92,Lombardia,2018
133,GARAVINI Laura ,IV-PSI,56,8559,6927,223,Europa,2018
134,GARNERO SANTANCHE' Daniela ,FdI,168,8559,5599,2440,Lombardia,2018
135,GARRUTI Vincenzo ,M5S,22,8559,8300,89,Puglia,2018
136,GASPARRI Maurizio ,FI,355,8559,7343,1203,Lazio,2018
137,GAUDIANO Felicia ,M5S,23,8559,8335,8,Campania,2018
138,GIACOBBE Francesco ,PD,20,8559,3754,603,Asia-Africa-Oceania-Antartide,2018
139,GIAMMANCO Gabriella ,FI,460,8559,6069,1337,Sicilia,2018
140,GIANNUZZI Silvana ,CAL-PC-Idv,28,8559,7881,400,Campania,2018
141,GIARRUSSO Mario Michele ,Misto,6,8559,5249,2846,Sicilia,2018
142,GINETTI Nadia ,IV-PSI,16,8559,7104,653,Umbria,2018
143,GIRO Francesco Maria ,FI,250,8559,5780,2381,Lazio,2018
144,GIROTTO Gianni Pietro ,M5S,15,8559,7383,944,Veneto,2018
145,GRANATO Bianca Laura ,CAL-PC-Idv,52,8559,7884,675,Calabria,2018
146,GRASSI Ugo ,Misto,34,8559,7590,671,Campania,2018
147,GRASSO Pietro ,Misto,0,8559,7628,737,Sicilia,2018
148,GRIMANI Leonardo ,Misto,101,8559,7655,884,Umbria,2018
149,GUIDOLIN Barbara ,M5S,5,8559,7723,373,Veneto,2018
150,IANNONE Antonio ,FdI,47,8559,8553,4,Campania,2018
151,IORI Vanna ,PD,106,8559,6689,857,Emilia-Romagna,2018
152,IWOBI Tony Chike ,Lega,9,8559,6682,118,Lombardia,2018
153,L'ABBATE Pasqua ,M5S,16,8559,7420,222,Puglia,2018
154,LA MURA Virginia ,CAL-PC-Idv,43,8559,6492,1278,Campania,2018
155,LA PIETRA Patrizio Giacomo ,FdI,44,8559,8228,263,Toscana,2018
156,LA RUSSA Ignazio ,FdI,201,8559,3591,4859,Lombardia,2018
157,LAFORGIA Francesco ,Misto,0,8559,7295,1234,Lombardia,2018
158,LANIECE Albert ,"Aut (SVP-PATT, UV",490,8559,8201,247,Valle d'Aosta,2018
159,LANNUTTI Elio ,CAL-PC-Idv,54,8559,8460,45,Lazio,2018
160,LANZI Gabriele ,M5S,15,8559,8530,9,Emilia-Romagna,2018
161,LAUS Mauro Antonio Donato ,PD,43,8559,7213,287,Piemonte,2018
162,LEONE Cinzia ,Ipf-CD,15,8559,7374,766,Sicilia,2018
163,LEZZI Barbara ,CAL-PC-Idv,66,8559,3328,917,Puglia,2018
164,LICHERI Ettore Antonio ,M5S,53,8559,7116,689,Sardegna,2018
165,LOMUTI Arnaldo ,M5S,7,8559,8188,120,Basilicata,2018
166,LONARDO Alessandrina ,Misto,152,8559,6140,2080,Campania,2018
167,LOREFICE Pietro ,M5S,201,8559,8025,142,Sicilia,2018
168,LUCIDI Stefano ,Lega,34,8559,8168,110,Umbria,2018
169,LUNESU Michelina ,Lega,11,4160,3862,72,Sardegna,2018
170,LUPO Giulia ,M5S,12,8559,7541,378,Lazio,2018
171,MAFFONI Gianpietro ,FdI,100,8374,7552,406,Lombardia,2018
172,MAGORNO Ernesto ,IV-PSI,111,8559,4023,1364,Calabria,2018
173,MAIORINO Alessandra ,M5S,19,8559,7586,385,Lazio,2018
174,MALAN Lucio ,FdI,131,8559,7982,392,Piemonte,2018
175,MALLEGNI Massimo ,FI,295,8559,7200,613,Toscana,2018
176,MALPEZZI Simona Flavia ,PD,77,8559,7595,487,Lombardia,2018
177,MANCA Daniele ,PD,37,8559,8207,231,Emilia-Romagna,2018
178,MANGIALAVORI Giuseppe Tommaso Vincenzo ,FI,300,8559,6131,1359,Calabria,2018
179,MANTERO Matteo ,Misto,92,8559,5484,2404,Liguria,2018
180,MANTOVANI Maria Laura ,M5S,40,8559,8266,118,Emilia-Romagna,2018
181,MARCUCCI Andrea ,PD,68,8559,7876,511,Emilia-Romagna,2018
182,MARGIOTTA Salvatore ,PD,52,8559,6031,1509,Basilicata,2018
183,MARILOTTI Giovanni ,PD,19,8559,7758,157,Sardegna,2018
184,MARIN Raffaella ,Lega,18,8559,7749,410,Friuli-Venezia Giulia,2018
185,MARINELLO Gaspare Antonio ,M5S,5,8559,7411,377,Sicilia,2018
186,MARINO Mauro Maria ,IV-PSI,92,8559,6981,953,Piemonte,2018
187,MARTELLI Carlo ,Misto,0,8559,7467,1066,Piemonte,2018
188,MARTI Roberto ,Lega,35,8559,7583,534,Puglia,2018
189,MASINI Barbara ,Misto,243,8559,7812,355,Toscana,2018
190,MATRISCIANO Mariassunta ,M5S,14,8559,7880,252,Piemonte,2018
191,MAUTONE Raffaele ,Ipf-CD,16,8559,8085,382,Campania,2018
192,MERLO Ricardo Antonio,-1,0,8559,423,35,America meridionale,2018
193,MESSINA Alfredo ,FI,22,8559,4681,2316,Lombardia,2018
194,MESSINA Assunta Carmela ,PD,27,8559,7814,125,Puglia,2018
195,MININNO Cataldo ,CAL-PC-Idv,21,8559,7292,810,Puglia,2018
196,MIRABELLI Franco ,PD,46,8559,7735,188,Lombardia,2018
197,MISIANI Antonio ,PD,94,8559,7231,414,Lombardia,2018
198,MODENA Fiammetta ,FI,233,8559,8408,56,Umbria,2018
199,MOLES Giuseppe ,FI,247,8559,6677,235,Basilicata,2018
200,MOLLAME Francesco,-1,17,8559,7441,322,Sicilia,2018
201,MONTANI Enrico ,Lega,35,8559,8505,51,Piemonte,2018
202,MONTEVECCHI Michela ,M5S,29,8559,7601,246,Emilia-Romagna,2018
203,MONTI Mario ,Misto,0,8559,430,1143,* Senatore a vita,2018
204,MORONESE Vilma ,Misto,8,8559,7847,540,Campania,2018
205,MORRA Nicola ,Misto,18,8559,5991,1693,Calabria,2018
206,NANNICINI Tommaso ,PD,56,8559,6739,1568,Lombardia,2018
207,NAPOLITANO Giorgio ,"Aut (SVP-PATT, UV",0,8559,0,9,* Senatore a vita,2018
208,NASTRI Gaetano ,FdI,351,8559,7604,640,Piemonte,2018
209,NATURALE Gisella ,M5S,22,8559,8443,74,Puglia,2018
210,NENCINI Riccardo ,IV-PSI,16,8559,5000,2975,Toscana,2018
211,NISINI Tiziana ,Lega,4,8559,6719,69,Toscana,2018
212,NOCERINO Simona Nunzia ,Ipf-CD,24,8559,7477,243,Lombardia,2018
213,NUGNES Paola ,Misto,132,8559,5848,1849,Campania,2018
214,ORTIS Fabrizio ,Misto,11,8559,7017,637,Molise,2018
215,OSTELLARI Andrea ,Lega,59,8559,8117,174,Veneto,2018
216,PACIFICO Marinella ,Misto,6,8559,6823,678,Lazio,2018
217,PAGANO Nazario ,FI,115,8559,7155,1154,Abruzzo,2018
218,PAPATHEU Urania ,FI,138,8559,8333,129,Sicilia,2018
219,PARAGONE Gianluigi ,Misto,14,8559,6990,1548,Lombardia,2018
220,PARENTE Annamaria ,IV-PSI,67,8559,8066,350,Lazio,2018
221,PAROLI Adriano ,FI,275,8559,7381,296,Lombardia,2018
222,PARRINI Dario ,PD,117,8559,8291,241,Toscana,2018
223,PATUANELLI Stefano ,M5S,3,8559,5142,164,Friuli-Venezia Giulia,2018
224,PAVANELLI Emma ,M5S,12,3659,3342,54,Umbria,2018
225,PAZZAGLINI Giuliano ,Lega,32,8559,8240,40,Marche,2018
226,PELLEGRINI Emanuele ,Lega,74,8559,8463,33,Lombardia,2018
227,PELLEGRINI Marco ,M5S,18,8559,8275,56,Puglia,2018
228,PEPE Pasquale ,Lega,13,8559,7729,114,Basilicata,2018
229,PERGREFFI Simona ,Lega,6,8559,8457,6,Lombardia,2018
230,PERILLI Gianluca ,M5S,25,8559,8323,41,Lazio,2018
231,PEROSINO Marco ,FI,155,8559,7275,994,Piemonte,2018
232,PESCO Daniele ,M5S,30,8559,8313,120,Lombardia,2018
233,PETRENGA Giovanna ,FdI,62,4158,2946,999,Sicilia,2018
234,PETROCELLI Vito ,CAL-PC-Idv,57,8559,5846,1649,Basilicata,2018
235,PIANASSO Cesare ,Lega,17,8559,8239,12,Piemonte,2018
236,PIANO Renzo ,Misto,0,8559,0,8559,* Senatore a vita,2018
237,PIARULLI Angela Anna Bruna ,M5S,79,8559,7483,504,Puglia,2018
238,PICHETTO FRATIN Gilberto ,FI,175,8559,6624,15,Piemonte,2018
239,PILLON Simone ,Lega,68,8559,7949,183,Lombardia,2018
240,PINOTTI Roberta ,PD,13,8559,6071,1114,Piemonte,2018
241,PIROVANO Daisy ,Lega,9,8559,7930,288,Lombardia,2018
242,PIRRO Elisa ,M5S,4,8559,8353,112,Piemonte,2018
243,PISANI Giuseppe ,M5S,30,8559,7643,48,Sicilia,2018
244,PISANI Pietro ,Lega,25,8559,8330,40,Emilia-Romagna,2018
245,PITTELLA Giovanni Saverio Furio ,Misto,20,8559,7090,574,Campania,2018
246,PITTONI Mario ,Lega,12,8559,8522,19,Friuli-Venezia Giulia,2018
247,PIZZOL Nadia ,Lega,48,8559,7735,290,Veneto,2018
248,PORTA Fabio ,PD,4,1168,708,36,America meridionale,2018
249,PRESUTTO Vincenzo ,Ipf-CD,4,8559,8395,49,Campania,2018
250,PUCCIARELLI Stefania ,Lega,10,8559,6517,58,Liguria,2018
251,PUGLIA Sergio ,M5S,37,8559,7726,492,Campania,2018
252,QUAGLIARIELLO Gaetano ,Misto,350,8559,6823,1072,Abruzzo,2018
253,QUARTO Ruggiero ,M5S,10,8559,7903,115,Puglia,2018
254,RAMPI Roberto ,PD,261,8559,7146,600,Lombardia,2018
255,RAUTI Isabella ,FdI,70,8559,7242,484,Lombardia,2018
256,RENZI Matteo ,IV-PSI,55,8559,2981,3936,Toscana,2018
257,RICCARDI Alessandra ,Lega,9,8559,8334,75,Lombardia,2018
258,RICCIARDI Sabrina ,M5S,67,8559,7871,315,Campania,2018
259,RICHETTI Matteo ,Misto,62,8559,7286,566,Emilia-Romagna,2018
260,RIPAMONTI Paolo ,Lega,18,8559,7998,118,Liguria,2018
261,RIVOLTA Erica ,Lega,9,8559,8422,20,Lombardia,2018
262,RIZZOTTI Maria ,FI,195,8559,7081,460,Piemonte,2018
263,ROJC Tatiana,-1,20,8559,7249,306,Friuli-Venezia Giulia,2018
264,ROMAGNOLI Sergio ,M5S,6,8559,7620,128,Marche,2018
265,ROMANI Paolo ,Misto,206,8559,5762,2698,Lombardia,2018
266,ROMANO Iunio Valerio ,M5S,30,8559,7832,82,Puglia,2018
267,ROMEO Massimiliano ,Lega,11,8559,8499,27,Lombardia,2018
268,RONZULLI Licia ,FI,210,8559,4712,343,Lombardia,2018
269,ROSSI Mariarosaria,-1,81,8559,7012,1514,Lazio,2018
270,ROSSOMANDO Anna ,PD,22,8559,6227,1586,Piemonte,2018
271,RUBBIA Carlo ,Misto,0,8559,861,7676,* Senatore a vita,2018
272,RUFA Gianfranco ,Lega,25,8559,8225,67,Lazio,2018
273,RUOTOLO Sandro ,Misto,0,2841,2219,620,Campania,2018
274,RUSPANDINI Massimo ,FdI,94,8559,7905,591,Lazio,2018
275,RUSSO Loredana ,Ipf-CD,24,8559,7638,302,Sicilia,2018
276,SACCONE Antonio ,FI,884,8559,7671,268,Lazio,2018
277,SALVINI Matteo ,Lega,4,8559,1991,1270,Lazio,2018
278,SANTANGELO Vincenzo ,M5S,33,8559,5992,271,Sicilia,2018
279,SANTILLO Agostino ,M5S,11,8559,8554,5,Campania,2018
280,SAPONARA Maria Gabriella ,Lega,24,8559,8197,88,Emilia-Romagna,2018
281,SBRANA Rosellina ,CAL-PC-Idv,101,8559,7382,964,Toscana,2018
282,SBROLLINI Daniela ,IV-PSI,32,8559,6310,658,Veneto,2018
283,SCHIFANI Renato Giuseppe ,FI,78,8559,5801,1491,Sicilia,2018
284,SCIASCIA Salvatore ,FI,169,8559,3185,177,Lombardia,2018
285,SEGRE Liliana ,Misto,0,8559,765,4407,* Senatore a vita,2018
286,SERAFINI Giancarlo ,FI,362,8559,8029,64,Lombardia,2018
287,SICLARI Marco ,FI,336,8559,6690,1321,Calabria,2018
288,SILERI Pierpaolo ,Ipf-CD,39,8559,6904,165,Lazio,2018
289,SIRI Armando ,Lega,46,8559,3560,2195,Emilia-Romagna,2018
290,STABILE Laura ,FI,66,8559,7391,314,Friuli-Venezia Giulia,2018
291,STEFANI Erika ,Lega,19,8559,2420,15,Veneto,2018
292,STEFANO Dario ,PD,49,8559,8205,77,Puglia,2018
293,STEGER Dieter ,"Aut (SVP-PATT, UV",1685,8559,8302,124,Trentino-Alto Adige,2018
294,SUDANO Valeria ,Lega,36,8559,4519,2735,Sicilia,2018
295,TARICCO Giacomino ,PD,100,8559,8514,45,Piemonte,2018
296,TAVERNA Paola ,M5S,8,8559,6375,1053,Lazio,2018
297,TESTOR Elena ,Lega,101,8559,7843,93,Trentino-Alto Adige,2018
298,TIRABOSCHI Maria Virginia ,FI,151,8559,8381,55,Piemonte,2018
299,TOFFANIN Roberta ,FI,81,8559,8073,67,Veneto,2018
300,TONINELLI Danilo ,M5S,35,8559,4230,202,Lombardia,2018
301,TOSATO Paolo ,Lega,19,8559,7994,19,Veneto,2018
302,TOTARO Achille ,FdI,233,8559,7279,1181,Toscana,2018
303,TRENTACOSTE Fabrizio ,Ipf-CD,42,8559,8548,11,Sicilia,2018
304,TURCO Mario ,M5S,19,8559,5620,626,Puglia,2018
305,UNTERBERGER Juliane ,"Aut (SVP-PATT, UV",271,8559,8130,357,Trentino-Alto Adige,2018
306,URRARO Francesco ,Lega,38,8559,8507,49,Campania,2018
307,URSO Adolfo ,FdI,237,8559,5057,1313,Veneto,2018
308,VACCARO Sergio ,Ipf-CD,2,8559,7076,385,Campania,2018
309,VALENTE Valeria ,PD,101,8559,7039,849,Campania,2018
310,VALLARDI Gianpaolo ,Lega,26,8559,8356,13,Veneto,2018
311,VANIN Orietta ,M5S,12,8559,7264,448,Veneto,2018
312,VATTUONE Vito ,PD,48,8559,7381,377,Liguria,2018
313,VERDUCCI Francesco ,PD,49,8559,8121,143,Marche,2018
314,VESCOVI Manuel ,Lega,42,8559,7762,207,Toscana,2018
315,VITALI Luigi ,FI,220,8559,7525,354,Puglia,2018
316,VONO Gelsomina ,FI,14,8559,6771,556,Calabria,2018
317,ZAFFINI Francesco ,FdI,130,8559,7626,688,Umbria,2018
318,ZANDA Luigi ,PD,59,8559,7543,364,Lazio,2018
319,ZULIANI Cristiano ,Lega,16,8559,8163,158,Veneto,2018
